,-24.0,-23.75,-23.5,-23.25,-23.0,-22.75,-22.5,-22.25,-22.0,-21.75,-21.5,-21.25,-21.0,-20.75,-20.5,-20.25,-20.0,-19.75,-19.5,-19.25,-19.0,-18.75,-18.5,-18.25,-18.0,-17.75,-17.5,-17.25,-17.0,-16.75,-16.5,-16.25,-16.0,-15.75,-15.5,-15.25,-15.0,-14.75,-14.5,-14.25,-14.0,-13.75,-13.5,-13.25,-13.0,-12.75,-12.5,-12.25,-12.0,-11.75,-11.5,-11.25,-11.0,-10.75,-10.5,-10.25,-10.0,-9.75,-9.5,-9.25,-9.0,-8.75,-8.5,-8.25,-8.0,-7.75,-7.5,-7.25,-7.0,-6.75,-6.5,-6.25,-6.0,-5.75,-5.5,-5.25,-5.0,-4.75,-4.5,-4.25,-4.0,-3.75,-3.5,-3.25,-3.0,-2.75,-2.5,-2.25,-2.0,-1.75,-1.5,-1.25,-1.0,-0.75,-0.5,-0.25,0.0,0.0,0.25,0.5,0.75,1.0,1.25,1.5,1.75,2.0,2.25,2.5,2.75,3.0,3.25,3.5,3.75,4.0,4.25,4.5,4.75,5.0,5.25,5.5,5.75,6.0,6.25,6.5,6.75,7.0,7.25,7.5,7.75,8.0,8.25,8.5,8.75,9.0,9.25,9.5,9.75,10.0,10.25,10.5,10.75,11.0,11.25,11.5,11.75,12.0,12.25,12.5,12.75,13.0,13.25,13.5,13.75,14.0,14.25,14.5,14.75,15.0,15.25,15.5,15.75,16.0,16.25,16.5,16.75,17.0,17.25,17.5,17.75,18.0,18.25,18.5,18.75,19.0,19.25,19.5,19.75,20.0,20.25,20.5,20.75,21.0,21.25,21.5,21.75,22.0,22.25,22.5,22.75,23.0,23.25,23.5,23.75,24.0
0,,,,,,,,,,,,,,,,,,,,,,,,,,,,,,,,,,,,,,,,,,,,,,,,,,23.76528208771077,23.740980296855724,23.68676860956369,23.616199947657684,23.50730923094179,23.38860432945751,23.22643660971324,23.061932179309828,22.845552772273525,22.636183497214642,22.367929113545447,22.113694993831086,21.79403297566082,21.494934011290987,21.125266385015145,20.785508655176287,20.367704789322165,19.98635360975063,19.52088084645007,19.101207612068645,18.591804688376268,18.134744083448613,17.58234568362807,17.090701760945155,16.496242569260104,15.972819381612894,15.340505477249785,14.786237708901934,14.118873144651737,13.537032190526041,12.83601899278424,12.229408905671665,11.497551127229222,10.868975959920737,10.110479679964108,9.462743485250682,8.679945414439002,8.015384902979774,7.211089094104012,6.534377687217259,5.711388193068381,5.0248626014132425,4.187385501177703,3.493382435413318,2.644689124013908,1.9478820054585562,1.2319138594982615,0.3930347328672374,0.3930347328672374,-1.1636819082513925,-1.8838561333981385,-2.713855759524433,-3.433095300407522,-4.253748083897261,-4.967379519198416,-5.7754140651288,-6.4796986577933975,-7.272310913373463,-7.964911952742364,-8.73742849665383,-9.414139903540585,-10.165158709387969,-10.824578457397092,-11.548958761730287,-12.186880771675328,-12.884622574494337,-13.497308109320672,-14.16467267357087,-14.750252364751185,-15.382566269114296,-15.938703405989457,-16.535966650465475,-17.059389838112686,-17.618331027778815,-18.10717089767077,-18.624985979736046,-19.076438479081766,-19.552192769282538,-19.96392118742289,-20.394343290836353,-20.766347627771342,-21.150502860133848,-21.47904437880884,-21.815530713724904,-22.100142072008076,-22.38662279881856,-22.625901970314427,-22.861442404755675,-23.054454705200587,-23.239522189404422,-23.38439825027106,-23.516656073578346,-23.613863236998547,-23.694246083672937,-23.742382323251206,-23.76995550902905,,,,,,,,,,,,,,,,,,,,,,,,,,,,,,,,,,,,,,,,,,,,,,,,,
1,,,,,,,,,,,,,,,,,,,,,,,,,,,,,,,,,,,,,,,,,,,,,,,,,,23.745660208310003,23.722794639190653,23.667730615597115,23.597267331168105,23.48807257251652,23.371411505581065,23.207619367603687,23.04382722962631,22.826837645126368,22.61871430171352,22.34899391495875,22.09607272184269,21.775021465636318,21.479168999888003,21.10818680703326,20.77033635718819,20.34988987195281,19.972374659349683,19.503863814536903,19.088083771978948,18.57570836599843,18.12259678202113,17.565890170605147,17.07871355508269,16.48234218090865,15.962500466644267,15.327397618247657,14.778157315115543,14.106189569567329,13.5289506103707,12.824784410348306,12.223279949229104,11.487848583268004,10.863945197297197,10.101915108074813,9.458879307126592,8.672117071713892,8.012748721394706,7.204987493933625,6.532553104117669,5.707059394482399,5.024358830776123,4.1839325045731135,3.495165565386195,2.6430731324896404,1.9496397506253031,1.221674692948072,0.3975809161160264,0.3975809161160264,-1.1572777839997015,-1.8913092171575767,-2.707470041438011,-3.438701608989435,-4.246462836450517,-4.971628028521298,-5.765856572217866,-6.482622167469295,-7.261451450330385,-7.9646843618173,-8.725314518236459,-9.413614813155636,-10.15277933325867,-10.822413857468174,-11.53544629857767,-12.183615186471048,-12.870048904319258,-13.493019001754583,-14.148654197931835,-14.74409228357039,-15.367062381005711,-15.931701944973309,-16.518740433792512,-17.050248254750443,-17.600421846418037,-18.09693134729533,-18.606973531937133,-19.065218202859597,-19.533262403404635,-19.951375667301303,-20.37555530667861,-20.75213723074626,-21.130119087617132,-21.46470302758801,-21.795087169149216,-22.084406615149142,-22.366259752865197,-22.609848060626426,-22.842236905961848,-23.037294209877928,-23.219752118564973,-23.366745062903647,-23.496938813603617,-23.596334042632623,-23.674730279613247,-23.724194571993877,-23.750326650987425,,,,,,,,,,,,,,,,,,,,,,,,,,,,,,,,,,,,,,,,,,,,,,,,,
2,,,,,,,,,,,,,,,,,,,,,,,,,,,,,,,,,,,,,,,,,,,,,,,,,,23.72759723011827,23.705229409955546,23.649775855802122,23.579876417793606,23.46943530574014,23.353868234899394,23.189371557452677,23.02767085752631,22.80958461093973,22.602682274434514,22.331472454961464,22.081232466890967,21.757831067038225,21.464719423655833,21.090524432183564,20.75593912224946,20.333746516678005,19.958619532698957,19.488895309281713,19.075556632524673,18.56063077252859,18.111410384260513,17.552214880192363,17.068976765426807,16.468307594806937,15.95338173481085,15.315432863919776,14.769285254946551,14.094522680037652,13.521813284621192,12.814430971974986,12.217023775128846,11.478419713505502,10.85957668900342,10.093944844683449,9.45506398128559,8.665200331789332,8.0109415920296,7.199176118624006,6.531403487515959,5.7023961527349325,5.024837600305694,4.180452389162792,3.4963698891860915,2.6412667642152154,1.9529902979580047,1.2120562550677094,0.4012227741688957,0.4012227741688957,-1.1524087346337737,-1.8989347325647503,-2.7009142846491514,-3.4446443050597875,-4.238701920836556,-4.976373989953122,-5.7564517181281865,-6.484803862176946,-7.2513676990036995,-7.966671947957539,-8.714129938395295,-9.413590314733868,-10.140544470022462,-10.82043300371865,-11.522689357577566,-12.180210071111029,-12.855904638526708,-13.4882615543771,-14.133666365322423,-14.738063505969413,-15.351314575430813,-15.924955963354053,-16.50232532130442,-17.042880975236958,-17.5834366291695,-18.086712582830835,-18.589056543985386,-19.05412080486873,-19.51452510321817,-19.93997968256335,-20.357512325600904,-20.74009524963419,-21.111960259839513,-21.451671528560908,-21.776470917173828,-22.070048556809603,-22.34731632757673,-22.594294341873493,-22.822632506034655,-23.021612906232235,-23.200089471280652,-23.34967426861888,-23.478755230807945,-23.578944425286817,-23.655367810842804,-23.70616140246232,-23.73179119639878,,,,,,,,,,,,,,,,,,,,,,,,,,,,,,,,,,,,,,,,,,,,,,,,,
3,,,,,,,,,,,,,,,,,,,,,,,,,,,,,,,,,,,,,,,,,,,,,,,,,,23.711901559540376,23.688631783721398,23.6337151127886,23.564836576364424,23.453607047949703,23.33818895988756,23.172973551572802,23.013342889454602,22.79274541469068,22.588902178516413,22.314784219368832,22.06672840913851,21.74234773422193,21.451940932001058,21.07636675028273,20.7440743515877,20.31823745410037,19.94731722754583,19.474940778420542,19.064927328490118,18.546942118759628,18.100627818551594,17.538430034765046,17.06000344392682,16.45638545918249,15.94491578668131,15.303135369593852,14.762345779560759,14.08379911667931,13.516016586696203,12.804892237668183,12.21197834980058,11.470137896691503,10.855350419554059,10.086051630978586,9.452648333185957,8.659148977758749,8.008991441376455,7.194083892195782,6.531360676871241,5.698302702551764,5.025806181383249,4.178320946056005,3.497912701109038,2.6401887644214432,1.955591959827059,1.2021166188084944,0.4048940992502478,0.4048940992502478,-1.1471999478757022,-1.906260035090822,-2.695105435354236,-3.450907753954698,-4.2309106394069005,-4.980662816294428,-5.748100022804381,-6.488078893847936,-7.242019630382882,-7.96850203145143,-8.70429234284757,-9.41448590084283,-10.12933341400189,-10.81998036030921,-11.511092702132908,-12.178004477104865,-12.843054670011309,-13.484835087098773,-14.119634571440539,-14.733491257545229,-15.337109242289563,-15.918388242247675,-16.48756695877992,-17.03580287707508,-17.567749952296964,-18.079219624798135,-18.572538872160504,-19.04538071680218,-19.4986759497559,-19.930097593439783,-20.340576438886593,-20.728716299547173,-21.094517175421533,-21.438909857542434,-21.759101972811592,-22.057420498810913,-22.33107306244212,-22.58099045473796,-22.805311093632923,-23.00682735222529,-23.183212252933156,-23.335396586789283,-23.461518771728155,-23.562509598782526,-23.638369067952397,-23.690027970270535,-23.715624723671414,,,,,,,,,,,,,,,,,,,,,,,,,,,,,,,,,,,,,,,,,,,,,,,,,
4,,,,,,,,,,,,,,,,,,,,,,,,,,,,,,,,,,,,,,,,,,,,,,,,,,23.697629772181084,23.673922845574932,23.61814184179577,23.550274953864463,23.438712946306136,23.32482673025701,23.15748371891952,22.998972699847066,22.77863773491937,22.575037071125426,22.300780469211208,22.054879210884735,21.72763065538031,21.43989364421946,21.061512501917466,20.73286942131857,20.304750217313494,19.93613075067286,19.461527376851812,19.05479089096208,18.534168189023227,18.09210373407336,17.527785912507493,17.05132317189381,16.44516959749357,15.93802730480135,15.292827027755695,14.755470024683095,14.074012095180985,13.511088798709597,12.795697425241832,12.207672677069821,11.462066593221678,10.852194285236163,10.079162541196595,9.450231723586532,8.653028211242662,8.007827934197008,7.188776862039632,6.531490700841827,5.695240485852542,5.026333282200746,4.17567297456851,3.5007228288406385,2.63890632045257,1.9588429160449405,1.1923189557796092,0.40859585268236903,0.40859585268236903,-1.1421160523783624,-1.9128235879271311,-2.6886443821556565,-3.4570277092136275,-4.223551669478958,-4.985427212762692,-5.741259813970352,-6.491979156498252,-7.233401665062962,-7.9711054400423915,-8.694399122378874,-9.416298279620875,-10.119138927238328,-10.819655366364984,-11.499253929074452,-12.17699312499128,-12.83056055260381,-13.482733455121856,-14.107015855750324,-14.72990373128431,-15.323506579834238,-15.913390694798887,-16.473060099383154,-17.029010770382143,-17.553817047604436,-18.071650699354333,-18.55833995732753,-19.037591748130172,-19.482910094967156,-19.920790974633587,-20.324738410334355,-20.718924170373775,-21.079176486447537,-21.427807760067306,-21.743435273117736,-22.045117535223376,-22.314260878457837,-22.56806444565303,-22.789793935675203,-22.99385944116731,-23.16724539458087,-23.32157283836989,-23.44568557177853,-23.548880428769984,-23.62325510047553,-23.675317370669415,-23.699489138973718,,,,,,,,,,,,,,,,,,,,,,,,,,,,,,,,,,,,,,,,,,,,,,,,,
5,,,,,,,,,,,,,,,,,,,,,,,,,,,,,,,,,,,,,,,,,,,,,,,,,,23.660902572754114,23.63865573481769,23.583038639976643,23.515371174586694,23.401819605952884,23.291512367851464,23.1223437043766,22.967542790402344,22.742293556296083,22.544389393820012,22.265376968034072,22.02529650863687,21.692520891171245,21.4111910864336,21.02696965624001,20.70624440932328,20.271504117982396,19.911846904676935,19.428905131140475,19.03263333039799,18.502880502036977,18.07138454122849,17.49760151278498,17.034125722442887,16.417239445497565,15.92178382562187,15.266892533868495,14.742701414991588,14.050732060010846,13.500122821084442,12.773856257618382,12.19914627759419,11.442290311965555,10.846723921375967,10.062059408326805,9.446563558752509,8.638725256186243,8.007007753949972,7.177386089237628,6.5326912648717785,5.685920995916778,5.031493179953745,4.169428209917455,3.5075847813089487,2.635323343885132,1.9693086331635468,1.1623972821779653,0.42176296921130324,0.42176296921130324,-1.1276365979023086,-1.936401852049258,-2.6710109797414727,-3.476995379146371,-4.204188894193112,-5.002294205162193,-5.718364301240724,-6.5058096690319385,-7.208902442980891,-7.981516585481158,-8.667924230977794,-9.42246281765472,-10.089867955747332,-10.823550131858862,-11.468708432015054,-12.177362915448112,-12.798883950296858,-13.47972988630939,-14.073442373737608,-14.723698907587563,-15.288212420224228,-15.905098697169551,-16.437632380272614,-17.017904069780915,-17.516604020189007,-18.057943743308567,-18.520492582069974,-19.02011948405875,-19.444199832221763,-19.90118696149906,-20.285408391692663,-20.696974893516437,-21.039946978369585,-21.403311997997783,-21.704107785929803,-22.01880784757208,-22.27418300805057,-22.538827684335907,-22.74970916894156,-22.963371508289264,-23.12790541386071,-23.288731513109415,-23.407381315436986,-23.514907698796357,-23.58581949471869,-23.639582686398374,-23.663683427496164,,,,,,,,,,,,,,,,,,,,,,,,,,,,,,,,,,,,,,,,,,,,,,,,,
6,,,,,,,,,,,,,,,,,,,,,,,,,,,,,,,,,,,,,,,,,,,,,,,,,,23.65243809250348,23.63067147693433,23.573707780870386,23.50701857572235,23.393554303074644,23.282868747308115,23.112903898076663,22.95961135013222,22.73314592431701,22.53770950367485,22.256132859716477,22.0180894468964,21.68371718219583,21.40538237459882,21.01867760863625,20.7005145257425,20.263329736438703,19.906727736688783,19.420452282484355,19.027726963279257,18.495139561055353,18.067680280835653,17.490170289032868,17.030292645199534,16.411101900179226,15.919269012212458,15.260713111375601,14.740629935116962,14.045024475864526,13.497617250274397,12.768204068967751,12.198103988848082,11.438124921848587,10.846258226159765,10.058028870868394,9.447637395971785,8.634862708230095,8.008262051526675,7.1751101066564145,6.534615865547153,5.683865380429496,5.03318251075595,4.167612202272063,3.510445659875791,2.6351498423078166,1.9719627466690128,1.1531675056847914,0.425606802298925,0.425606802298925,-1.1226016199919415,-1.9441755778573315,-2.6661788474808614,-3.4840478495046927,-4.198178087964913,-5.008174058825436,-5.712115668721373,-6.510996772057223,-7.201507917027514,-7.985106077516939,-8.660797399120998,-9.425870780402635,-10.082574203318712,-10.825417849551005,-11.460817776378127,-12.179116090160099,-12.7899706845369,-13.48094494898739,-14.064475494032704,-14.72395763382995,-15.278774771103192,-15.903986069366033,-16.42777420146623,-17.015935941313494,-17.50637947083968,-18.05563917435059,-18.509959384421588,-19.01661209575458,-19.434808986370392,-19.8970022276047,-20.27583396240396,-20.692178375098987,-21.02932935668073,-21.3984355823959,-21.69297957179973,-22.012532013134066,-22.26446901035998,-22.532615189392708,-22.74009271651993,-22.95590639429066,-23.118461331838997,-23.28147938886753,-23.3977223783964,-23.50609233676196,-23.57648649775155,-23.63067147693433,-23.654290570424262,,,,,,,,,,,,,,,,,,,,,,,,,,,,,,,,,,,,,,,,,,,,,,,,,
7,,,,,,,,,,,,,,,,,,,,,,,,,,,,,,,,,,,,,,,,,,,,,,,,,,23.645577822002135,23.623825612070164,23.565973989910674,23.500717360114777,23.38593974175036,23.277178692090526,23.105012264543902,22.95320960799741,22.72596843615495,22.53158698569908,22.248808256583516,22.012773638172817,21.6772342296478,21.399546443282272,21.011709168325083,20.69560790484565,20.255935576433565,19.901883648817513,19.413615957791457,19.02439024390244,18.488915629194246,18.06451612903226,17.483685842551026,17.027352246957005,16.404405979543668,15.917063914472163,15.25524135696765,14.73827926135049,14.039431665663907,13.497014856296571,12.76438191326885,12.197898829083169,11.433794603600687,10.846484935437589,10.054611931318554,9.448326931087148,8.631462026195216,8.009441384736428,7.172212708844357,6.536770491044569,5.681954922016014,5.035405192761605,4.167630860369325,3.5136761234785028,2.6338686536770495,1.9762114129680197,1.1431480538714307,0.42995325588929517,0.42995325588929517,-1.118156153098533,-1.9526079511269496,-2.6602489933817743,-3.4914611005692597,-4.192159948164947,-5.01457860878419,-5.705558383857084,-6.51640672004443,-7.194890544730874,-7.991391678622669,-8.652751423149905,-9.43027722497339,-10.074512889341419,-10.828898042301107,-11.452769935668996,-12.181700374878513,-12.782431619382608,-13.482204841023743,-14.056555745823113,-14.725320497986766,-15.270514185217756,-15.904567964085714,-16.419215994816494,-17.016244735502383,-17.4975702318693,-18.053871430554914,-18.50048595362614,-19.015133984356925,-19.42564909520063,-19.894478641181102,-20.265654648956357,-20.688665710186513,-21.02003980191605,-21.393992687554963,-21.684639237284212,-22.00768269542278,-22.255750451242655,-22.5274216689036,-22.731522191882263,-22.950432730133752,-23.110103207293932,-23.27486462720415,-23.38917943259129,-23.499791734160226,-23.568750867774334,-23.623825612070164,-23.646966260933954,,,,,,,,,,,,,,,,,,,,,,,,,,,,,,,,,,,,,,,,,,,,,,,,,
8,,,,,,,,,,,,,,,,,,,,,,,,,,,,,,,,,,,,,,,,,,,,,,,,,,23.639281931255237,23.61846700371431,23.560647760545077,23.494965100304825,23.380251721857064,23.271551544698905,23.099481477027258,22.948226336896543,22.71972468789173,22.52683969267916,22.243294124177236,22.00877927388282,21.670189785883778,21.396357850234285,21.005499766410257,20.69188819146033,20.250149173647376,19.89907072912379,19.40783843915797,19.02206844873283,18.483193102395568,18.06226901212354,17.478525933086946,17.025685620585502,16.399387578576356,15.916481259626906,15.250403578317323,14.738356360810581,14.035274363872691,13.496399017535424,12.76001313653205,12.19847264687244,11.429707989694299,10.846890018548413,10.050834678594391,9.449051995688999,8.629406404521928,8.011434333529149,7.169586152985093,6.538662571522404,5.680162448945609,5.038137572794428,4.16622338580237,3.51726020047088,2.6337821648449755,1.9797308861145932,1.1337197200623526,0.43387560074193654,0.43387560074193654,-1.1129047925214277,-1.9607661743550842,-2.6555222002766077,-3.4982954887113706,-4.187038313343294,-5.021023076816334,-5.70051482254118,-6.522473183435018,-7.189475972635309,-7.99617005333247,-8.646983454445376,-9.435175377328383,-10.067486620627133,-10.833475954133153,-11.445897377781685,-12.185058582457179,-12.775277416728729,-13.485297722846928,-14.049150982233305,-14.726792512176734,-15.262892534841876,-15.905842518883768,-16.4109514272102,-17.01597198773307,-17.489627227775443,-18.05394304110717,-18.492906735248,-19.014205031661817,-19.417089518065048,-19.893057527834184,-20.25847514466375,-20.686337544116085,-21.012438075590566,-21.391732310780746,-21.676665541118734,-22.00461628837463,-22.247919663630775,-22.52406436900704,-22.724350227345266,-22.94545101322442,-23.102719354644737,-23.27016388286284,-23.383027045529186,-23.49450254635947,-23.562960530271848,-23.61846700371431,-23.640669593091292,,,,,,,,,,,,,,,,,,,,,,,,,,,,,,,,,,,,,,,,,,,,,,,,,
9,,,,,,,,,,,,,,,,,,,,,,,,,,,,,,,,,,,,,,,,,,,,,,,,,,23.63654016866401,23.614347536617846,23.55655422399763,23.491825713862998,23.375776742121616,23.268050007397548,23.094207723035954,22.94533214972629,22.715083592247375,22.52367214084924,22.237942003254922,22.00630640627312,21.66648172806628,21.39369729249889,21.001627459683384,20.69046826453618,20.246153277112,19.89800636188785,19.40422029886078,19.020010356561624,18.47906495043646,18.06202840656902,17.474848350347685,17.024985204911967,16.396193963604084,15.915353602603938,15.246800562213348,14.738219411155498,14.031291611185088,13.497743749075308,12.756602308033733,12.199012427873946,11.42689377126794,10.848498298564877,10.04910119840213,9.45128717265868,8.627385707944962,8.013851901168811,7.16868249741086,6.542202988607782,5.6794644178132865,5.04235093948809,4.165741973664743,3.5203062583222375,2.633525669477734,1.9834664891256106,1.1248890368397693,0.43830448291167334,0.43830448291167334,-1.1082445628051487,-1.9686714010948365,-2.650632490013315,-3.5064358632933867,-4.18146175469744,-5.028942890960201,-5.694721852345022,-6.5287949400798935,-7.183477585441635,-8.00229323864477,-8.641256102973815,-9.440190856635597,-10.061584553928094,-10.837864329042757,-11.44030181979583,-12.18930315135375,-12.768623317058736,-13.488496819056072,-14.041925580707204,-14.729897174138188,-15.25604749223258,-15.908418405089511,-16.404516200621394,-17.01758766089658,-17.483170587364995,-18.054630862553633,-18.486924840952803,-19.014462198550085,-19.41023080337328,-19.893382896878236,-20.252163781624503,-20.68584479952656,-21.006250924693003,-21.390460866992157,-21.6711051930759,-22.003069980766384,-22.242565468264537,-22.52136040834443,-22.71878236425507,-22.943020417221483,-23.097906495043645,-23.267125314395617,-23.378088474626423,-23.491825713862998,-23.55794126350052,-23.614347536617846,-23.637464861665926,,,,,,,,,,,,,,,,,,,,,,,,,,,,,,,,,,,,,,,,,,,,,,,,,
10,,,,,,,,,,,,,,,,,,,,,,,,,,,,,,,,,,,,,,,,,,,,,,,,,,23.633095851929884,23.612304678476058,23.553165340651827,23.490329794213586,23.37251314464188,23.268095251295982,23.091601289976804,22.945139023646497,22.7113538288101,22.52469529380238,22.23408089152552,22.0081501399939,21.66163058243007,21.395965588297802,20.99631303190752,20.69322392555836,20.241362422495126,19.901773256082574,19.399088884576642,19.025309788484464,18.47457470499635,18.066605679224537,17.47059204021475,17.031205241223816,16.391761150999365,15.922804683096315,15.242240272040956,14.7455622395328,14.028035742337297,13.505946275607794,12.753767822655911,12.207652999935314,11.42405677376431,10.85807482974339,10.046295012890528,9.461369999722784,8.625564826878831,8.024930927101526,7.167410528650237,6.553377872647133,5.678762509356028,5.053641227510881,4.165165081917223,3.532651382844048,2.6340106635618517,1.9959526515676544,1.0968499062087065,0.4518615030632329,0.4518615030632329,-1.095463827978451,-1.9945665733373992,-2.636782820022362,-3.5312653046137927,-4.167475212300983,-5.052255149280625,-5.680148587586284,-6.551991794416876,-7.168796606880493,-8.02354484887127,-8.626950905109085,-9.460907973646034,-10.047681091120781,-10.856688751513136,-11.42636690414807,-12.207652999935314,-12.754229848732662,-13.505484249531044,-14.028959794490802,-14.74510021345605,-15.243626350271208,-15.921880630942809,-16.392685203152865,-17.030743215147062,-17.4710540662915,-18.066143653147783,-18.47457470499635,-19.023923710254206,-19.3995509106534,-19.90084920392907,-20.241362422495126,-20.69322392555836,-20.997237084061027,-21.396427614374556,-21.66163058243007,-22.0081501399939,-22.23454291760227,-22.52423326772563,-22.7113538288101,-22.945139023646497,-23.091601289976804,-23.267171199142478,-23.37251314464188,-23.490329794213586,-23.553627366728577,-23.612304678476058,-23.634019904083388,,,,,,,,,,,,,,,,,,,,,,,,,,,,,,,,,,,,,,,,,,,,,,,,,
11,,,,,,,,,,,,,,,,,,,,,,,,,,,,,,,,,,,,,,,,,,,,,,,,,,23.635893218506574,23.615564446826394,23.555964184400437,23.49359181674536,23.37485330943162,23.27089936333983,23.093022611138316,22.948873139224364,22.71324419474963,22.528437179475333,22.235518060265562,22.010977536707294,21.663078330453423,21.399728333687545,20.997773075465943,20.697461675645208,20.242836418070425,19.905101597656643,19.40057844595781,19.02957836279465,18.47608135204812,18.071353988597405,17.471193206494114,17.035510667984955,16.391920237292208,15.926668576339154,15.242882619824247,14.74990990658005,14.028238511933914,13.510778869165874,12.754456159155799,12.212509586863916,11.425231701795399,10.862494340285156,10.046571367849124,9.466739357426007,8.625867437927944,8.028940778591954,7.167740087413718,6.557876937008529,5.679119579379233,5.058630025595772,4.166012141820903,3.5372062723500983,2.6358100553497006,2.0009979578824812,1.0875892848892543,0.4560113101893347,0.4560113101893347,-1.0903613901183689,-2.0037700631115953,-2.633037950120586,-3.539978377579213,-4.163240036591788,-5.060478095748514,-5.676347474150118,-6.560649042237642,-7.164967982184603,-8.03171288382107,-8.623557350237014,-9.468125410040566,-10.044723297696379,-10.86526644551427,-11.423383631642656,-12.215281692093031,-12.751684053926688,-13.512164921780428,-14.025928424242984,-14.751757976732796,-15.240572532133317,-15.928054628953713,-16.390534184677648,-17.037358738137698,-17.469807153879557,-18.07227802367378,-18.473771264357193,-19.03050239787102,-19.39826835826688,-19.906949667809386,-20.2405263303795,-20.697923693183387,-20.996387022851387,-21.401114386302105,-21.661692277838863,-22.011901571783664,-22.23505604272738,-22.528437179475333,-22.711858142135075,-22.948873139224364,-23.09256059360013,-23.27089936333983,-23.37439129189344,-23.49359181674536,-23.55550216686225,-23.614640411750027,-23.636355236044757,,,,,,,,,,,,,,,,,,,,,,,,,,,,,,,,,,,,,,,,,,,,,,,,,
12,,,,,,,,,,,,,,,,,,,,,,,,,,,,,,,,,,,,,,,,,,,,,,,,,,23.640496994284295,23.62016625004043,23.559636079678036,23.497719722208103,23.37896969332921,23.27592978500238,23.09664958576109,22.953872313684904,22.716834318296282,22.533395557732387,22.239061828565625,22.016347766621543,21.66656655315335,21.405039252198264,21.000734679166996,20.703166513415987,20.24572476792918,19.9107295502747,19.40246094417825,19.03419723594291,18.477412081082708,18.07634194463569,17.473350552857628,17.040398112937286,16.393972858456436,15.932834614016201,15.24482374630928,14.755499697349151,14.030061777738762,13.515786360842988,12.755693763544205,12.217853165820323,11.425878265048219,10.868168985449657,10.048008280157656,9.471354443422776,8.627166494933485,8.034340475277354,7.168435595436673,6.5631338918127184,5.67967064194325,5.0628173790898305,4.16687844525254,3.5421701221230846,2.6365278785330446,2.0053506822350884,1.0784535696628332,0.4602141197018774,0.4602141197018774,-1.0872327546772265,-2.012281617772767,-2.629134880626187,-3.549101057660763,-4.159947509714862,-5.070672439365866,-5.672739706405572,-6.56867864024286,-7.162428784637351,-8.040809348445855,-8.620697621764988,-9.476899191852919,-10.042001469358336,-10.873251671510621,-11.420333516618074,-12.22293585188129,-12.750149015114062,-13.520406984534771,-14.024517029308617,-14.760120321040937,-15.239741060248313,-15.936531112969629,-16.388890172395474,-17.044556674259894,-17.46919199153502,-18.07911431885076,-18.473715582129277,-19.037431672527163,-19.399226507593998,-19.91350192448977,-20.241566206606567,-20.704552700523518,-20.99703818021357,-21.407349564044157,-21.66287005419992,-22.017271891359897,-22.23675151671973,-22.534781744839922,-22.714524006450393,-22.954334376054085,-23.095263398653554,-23.27592978500238,-23.377121443852495,-23.498181784577284,-23.558711954939685,-23.619704187671253,-23.639572869545937,,,,,,,,,,,,,,,,,,,,,,,,,,,,,,,,,,,,,,,,,,,,,,,,,
13,,,,,,,,,,,,,,,,,,,,,,,,,,,,,,,,,,,,,,,,,,,,,,,,,,23.646581445433455,23.625322352549706,23.56570446163658,23.504237953950955,23.384077863738455,23.281941787057832,23.102625960125334,22.96028246864284,22.72181090499034,22.539722152899095,22.243481315105974,22.022571610792223,21.671334424017232,21.411603767480983,21.005370231724115,20.709129393930994,20.24928597177162,19.917459261107872,19.406316723511637,19.041214910942887,18.481546183068517,18.08270711440165,17.47682296721478,17.04794387599479,16.397230772074796,15.939235966687926,15.247391139579808,14.762129236798566,14.032849920047324,13.522631690837331,12.757766501215468,12.224440562349221,11.428148887594858,10.874026010037989,10.050467237889247,9.477858192607382,8.628880939836767,8.04055865198865,7.170322306334286,6.567673238499292,5.681723650278679,5.0689071901949365,4.168168667794323,3.5474955864274555,2.637513980164342,2.0099085859006,1.0694248028912368,0.4649271182837441,0.4649271182837441,-1.0819029661056114,-2.0219245949218494,-2.6250358169499672,-3.55812513286933,-4.157076967159323,-5.078612428250562,-5.669707641257428,-6.578302784941169,-7.159692759892411,-8.049339581658025,-8.618251393394893,-9.487101276469883,-10.040761999833624,-10.882806939707365,-11.419367957925482,-12.23229718363235,-12.749447725739216,-13.530488312120454,-14.02406899037795,-14.769523703888565,-15.239072364103562,-15.945706125391675,-16.389836304984794,-17.053489726312286,-17.46942850012478,-18.08825296471915,-18.47507602436477,-19.04629860706726,-19.40077087319413,-19.921618648846003,-20.243740121454124,-20.713288781669114,-21.000286535599738,-21.414376692639735,-21.66625072789286,-22.025344535950975,-22.240246235754096,-22.541108615478468,-22.719037979831587,-22.961206777029087,-23.099853034966586,-23.28240394125096,-23.382229246965956,-23.504237953950955,-23.564317999057206,-23.625322352549706,-23.645194982854083,,,,,,,,,,,,,,,,,,,,,,,,,,,,,,,,,,,,,,,,,,,,,,,,,
14,,,,,,,,,,,,,,,,,,,,,,,,,,,,,,,,,,,,,,,,,,,,,,,,,,23.653090472007765,23.6336738939485,23.573112662382695,23.51208913133928,23.390966668207668,23.289723082612916,23.109426286348295,22.96796264620221,22.72849151680458,22.547270121584763,22.249549258009342,22.031343904581387,21.676760205260965,21.420183995192087,21.011048957514674,20.717488789237667,20.254727012158476,19.925569784106145,19.41241736396838,19.049049974573528,18.48596921085479,18.09116545698303,17.481392446026536,17.056076926633075,16.401460866349225,15.946558180389255,15.251722065554066,14.770006009893208,14.036336738939484,13.529656511488142,12.760852480236698,12.231519578382878,11.431279182654523,10.881142804308631,10.052239840968982,9.484073782996626,8.630668947344091,8.04678470713328,7.172576394988674,6.5743608709722166,5.683047478156349,5.073736766677453,4.169478988488742,3.5527714853682215,2.6378808191946743,2.015625722342934,1.0609773010956498,0.46969626924321567,0.46969626924321567,-1.07854468124451,-2.031343904581388,-2.621238038001017,-3.567565068651472,-4.153760806250289,-5.0894549489159076,-5.667329295917896,-6.588692154777866,-7.15685821275022,-8.059729092506126,-8.616799963016042,-9.496555868891868,-10.038833156118535,-10.892237991771069,-11.41879709675928,-12.242614765845314,-12.748832693819054,-13.539364800517772,-14.024779251999444,-14.77971429892284,-15.240626878091627,-15.955341870463686,-16.390827978364385,-17.063473718274697,-17.472146456474505,-18.09902454810226,-18.47764782025796,-19.055522167259948,-19.40409597337155,-19.93157967731496,-20.247330220516847,-20.722111784013684,-21.00411446535065,-21.4243446904905,-21.671212611529747,-22.034117701446995,-22.24538856271092,-22.55004391845037,-22.723868522028567,-22.969811844112616,-23.105265591049882,-23.29064768156812,-23.38819287134206,-23.51208913133928,-23.570801164994688,-23.632749294993296,-23.652628172530164,,,,,,,,,,,,,,,,,,,,,,,,,,,,,,,,,,,,,,,,,,,,,,,,,
15,,,,,,,,,,,,,,,,,,,,,,,,,,,,,,,,,,,,,,,,,,,,,,,,,,23.68534372988716,23.66589649440429,23.6038505526256,23.54504581676073,23.42141696261963,23.322791696956504,23.138505989285495,23.000523223240368,22.75743277970449,22.580555542693624,22.278197333876616,22.064277743565043,21.704040857715686,21.453078914103408,21.036352439470477,20.750200260222528,20.279299343887313,19.958419958419952,19.434733688631237,19.081442244025762,18.50774879728109,18.122045293537496,17.50204890516694,17.085785459950266,16.42133824761887,15.976830008010406,15.268858030550678,14.798420143631722,14.052016724622515,13.557038278641839,12.77637068282948,12.258240766035867,11.444235052252868,10.906194870560125,10.06394436238534,9.507846033458506,8.641054966222002,8.069213637142367,7.1806601873417,6.595391005190559,5.690631525820835,5.093323578846964,4.175599275821992,3.5694937699392035,2.642971908005315,2.030383990294903,1.0348707453384511,0.4829396811579439,0.4829396811579439,-1.0668197750603094,-2.0595548435192086,-2.6114859076997154,-3.5972755349147323,-4.14550236376517,-5.119716255573716,-5.661923702012788,-6.620394593668534,-7.153804481198689,-8.092365107955308,-8.615588348327769,-9.530071445438926,-10.039403803323623,-10.927031194291773,-11.420620552023669,-12.278151030934993,-12.753219212016537,-13.575559455292193,-14.032106459723384,-14.816015261449559,-15.249410795067808,-15.992573008163207,-16.401891012135998,-17.10060240127055,-17.484453787349107,-18.135010117192742,-18.49200579712829,-19.09301797943223,-19.420842806143472,-19.96814357616139,-20.265871490815808,-20.758997819131448,-21.024776704064006,-21.46002435534729,-21.692928151725475,-22.069834096560147,-22.26893674555144,-22.586111895688727,-22.750024309044353,-23.00422745857044,-23.13248660687413,-23.32464381462154,-23.416786668457043,-23.545508846176993,-23.600609346711796,-23.664507406155508,-23.68349161222212,,,,,,,,,,,,,,,,,,,,,,,,,,,,,,,,,,,,,,,,,,,,,,,,,
16,,,,,,,,,,,,,,,,,,,,,,,,,,,,,,,,,,,,,,,,,,,,,,,,,,23.69966034780755,23.680198694215715,23.61764337909911,23.559258418323612,23.43507453349953,23.337766265540363,23.152417183713375,23.015258863161403,22.769671329740646,22.594979820118716,22.290543953217888,22.078319254525994,21.715961799554233,21.46666728449694,21.04777835956795,20.764657637077228,20.290163987600145,19.971826939562302,19.44497217446909,19.09419903711152,18.518226765334163,18.135017538656868,17.51085450560449,17.098452798539448,16.42887924043946,15.988675171100372,15.276934696884744,14.810318383385306,14.060117974690584,13.568479535144501,12.782599428198083,12.268719098832765,11.450866275271188,10.916597546904901,10.069552242955575,9.51721197911116,8.645607921819757,8.077512986020045,7.185057157023109,6.602597667381806,5.69346042102044,5.100806731878651,4.178695049789397,3.5763105338516925,2.6449313976710886,2.03605966386944,1.0268339133215019,0.4883948306141079,0.4883948306141079,-1.062976984277764,-2.0694224985982976,-2.6087883267148264,-3.6073565050577128,-4.143942096946837,-5.130925957675537,-5.661024331700717,-6.6317901477695544,-7.153547813112521,-8.104388602884958,-8.615952068727442,-9.542697477862369,-10.040823135272396,-10.940229554837842,-11.42352728570171,-12.290960988652001,-12.756650556742304,-13.589794679554606,-14.035559221348507,-14.82978003697714,-15.253766061656371,-16.006746706578504,-16.408027468733927,-17.115134215903876,-17.49139285201266,-18.150308837907595,-18.50015522985603,-19.10810021824854,-19.429217502513797,-19.983411257176485,-20.275336061053988,-20.774388463873148,-21.034803923840062,-21.476398111292855,-21.703450736530915,-22.085269845094505,-22.280349753717406,-22.600540292573523,-22.761330621058438,-23.019429217502513,-23.14453984773573,-23.339156383654064,-23.42951406104472,-23.559721791028178,-23.613473024758004,-23.67880857610202,-23.696880111580146,,,,,,,,,,,,,,,,,,,,,,,,,,,,,,,,,,,,,,,,,,,,,,,,,
17,,,,,,,,,,,,,,,,,,,,,,,,,,,,,,,,,,,,,,,,,,,,,,,,,,23.71502641134923,23.69554833114591,23.632476452392325,23.57496973941111,23.449753509532663,23.35282687233046,23.166857582770245,23.030974785161415,22.783788672105068,22.6103410055327,22.304256888052052,22.09370811633051,21.728262230611193,21.482467408997945,21.060442337926137,20.778937702606814,20.302652265254352,19.98682910767204,19.456747067853282,19.108460443265454,18.52921943912404,18.148933111345052,17.52099690669536,17.112420986240124,16.439035927782697,16.001706650836862,15.285655321457886,14.821891507093266,14.067811544936394,13.58039577603918,12.790142236361868,12.279538276746418,11.457285033877945,10.92673923024482,10.075268867071378,9.527100038492398,8.65105019315763,8.086649631075884,7.18973041409471,6.610953173767664,5.697338459469361,5.108358415226293,4.180830786497052,3.582575465966692,2.6467000885788883,2.0414883108330586,1.0179615725303417,0.4925171708552269,0.4925171708552269,-1.059236552008793,-2.079053179796593,-2.606352636729166,-3.6187490434871328,-4.1418746260904244,-5.14221317367491,-5.659773590505828,-6.643880404587551,-7.153556836574269,-8.117721806638315,-8.61719543470901,-9.556317158797366,-10.043269163880218,-10.954565059106699,-11.42667662212988,-12.305509050350839,-12.760925116056896,-13.604047730571772,-14.040913243703246,-14.845079697811498,-15.260612075482197,-16.02257602248327,-16.414456445621376,-17.13097153881471,-17.498736243605855,-18.166556136290907,-18.508350067477632,-19.12376464913949,-19.438196515278698,-20.000742022102983,-20.284565476494127,-20.7909955617803,-21.045138132052106,-21.4922064490996,-21.71574060762335,-22.102055864989076,-22.2931265565073,-22.616833698933807,-22.77404963200341,-23.03514865949069,-23.158509834111683,-23.355609455216648,-23.443260816131556,-23.575433503225472,-23.628302578063042,-23.694157039702823,-23.712243828463038,,,,,,,,,,,,,,,,,,,,,,,,,,,,,,,,,,,,,,,,,,,,,,,,,
18,,,,,,,,,,,,,,,,,,,,,,,,,,,,,,,,,,,,,,,,,,,,,,,,,,23.732023655894007,23.712062834807956,23.64939514070058,23.591833703150098,23.466498314935336,23.369479440354283,23.182404768315216,23.047785277269732,22.79943552654789,22.628143829321058,22.319447410199516,22.111019301649783,21.743368829553155,21.49873271996361,21.074449220599565,20.795461930536344,20.3159380193295,20.002599548792602,19.470156251450643,19.124323421006213,18.540817558095274,18.16527559859253,17.532563990678764,17.12638449183463,16.45003760061646,16.01554158813863,15.296023618757602,14.835996323495278,14.07702091708368,13.593319159603013,12.798599957293128,12.291687942735654,11.464010175376702,10.938065750016248,10.082535674165127,9.53755883800169,8.656961684507618,8.095737668390415,7.194715488668753,6.620029523447,5.7013675483469655,5.115540659728348,4.183880940665299,3.588769949215958,2.6492187427467946,2.0476088793159475,1.009181977699585,0.4971637065852141,0.4971637065852141,-1.0551382867116637,-2.089387342054201,-2.6032624337347157,-3.6291557965296026,-4.1402456573609,-5.153605481334312,-5.659589085608712,-6.656237524486822,-7.154329641355107,-8.13008884886409,-8.618432657760117,-9.57005319790922,-10.045399262842237,-10.968703289357633,-11.4305874051861,-12.320468661510894,-12.765641392244062,-13.619314647529034,-14.046383377742295,-14.861063401138233,-15.267242899982362,-16.038751845215437,-16.422649497265834,-17.147273723203757,-17.507961118177345,-18.18337959911244,-18.518071506160002,-19.141034806101512,-19.448802814939977,-20.017918318463295,-20.297369813668055,-20.807995469357817,-21.057737835504266,-21.509873643360475,-21.728050059882463,-22.119374994197436,-22.306913871378036,-22.635106906444097,-22.7892230134341,-23.05289153382663,-23.174049075767563,-23.37319308148657,-23.459535237812293,-23.592297908291634,-23.64428888414368,-23.711134424524886,-23.728774219903258,,,,,,,,,,,,,,,,,,,,,,,,,,,,,,,,,,,,,,,,,,,,,,,,,
19,,,,,,,,,,,,,,,,,,,,,,,,,,,,,,,,,,,,,,,,,,,,,,,,,,23.750197496212714,23.7306802234263,23.66794613232711,23.61032370791007,23.484390828740576,23.389127949664022,23.199531585453123,23.067557645659264,22.817085978233596,22.646542189838,22.335659916168666,22.129799157969085,21.759900368969394,21.517793247023615,21.09073673057799,20.813312638828215,20.33095718282108,20.020539606122846,19.48427930146751,19.14133293679192,18.554885359257227,18.181268994488693,17.545098841045753,17.142206567097592,16.46189020139967,16.031116109185202,15.306653531232284,14.850321105607032,14.087753376023493,13.607256707900776,12.807048523657722,12.304711097893065,11.472438822643753,10.950119427121574,10.089500636634849,9.548593362268464,8.662880935342063,8.106173963958103,7.200014870303076,6.629366989785959,5.706014108200043,5.123748803405299,4.187849103599542,3.596289859382696,2.6515609171259418,2.053960612284729,1.0004925787893713,0.5018727287935537,0.5018727287935537,-1.0511445486398316,-2.099965612424138,-2.6013736442465865,-3.64090076860879,-4.139055921633503,-5.166036227775868,-5.659544411089529,-6.669795626272107,-7.155403961076981,-8.143814418617618,-8.620593510971494,-9.584839726014666,-10.049536697119807,-10.984042306012247,-11.434798367984236,-12.336775188899317,-12.771731553853732,-13.636532617080398,-14.053830497132818,-14.877738226902235,-15.275518834168237,-16.056209745624876,-16.432149595248934,-17.165906112623958,-17.518146416721656,-18.202180358188425,-18.52886232887534,-19.159920815636124,-19.461509149883362,-20.036804000111527,-20.310045819121353,-20.827253547961373,-21.07121945779157,-21.528945974330135,-21.743635974980716,-22.13909309739119,-22.321719007035508,-22.653977341375686,-22.80500385698486,-23.072204615370314,-23.18977294905992,-23.39238082846176,-23.476490980231787,-23.61171779882339,-23.662369768673845,-23.729750829484093,-23.746479920443882,,,,,,,,,,,,,,,,,,,,,,,,,,,,,,,,,,,,,,,,,,,,,,,,,
